agency_names,citation,end_page,html_url,pdf_url,publication_date,start_page,title,type
Defense Department; Air Force Department,89 FR 66356,66357,https://www.federalregister.gov/documents/2024/08/15/2024-18311/department-of-the-air-force-scientific-advisory-board-notice-of-federal-advisory-committee-meeting,https://www.govinfo.gov/content/pkg/FR-2024-08-15/pdf/2024-18311.pdf,08/15/2024,66356,Department of the Air Force Scientific Advisory Board; Notice of Federal Advisory Committee Meeting,Notice
Defense Department; Air Force Department,89 FR 55232,55233,https://www.federalregister.gov/documents/2024/07/03/2024-14605/notice-of-intent-to-prepare-an-environmental-impact-statement-for-t-7a-recapitalization-at-sheppard,https://www.govinfo.gov/content/pkg/FR-2024-07-03/pdf/2024-14605.pdf,07/03/2024,55232,"Notice of Intent To Prepare an Environmental Impact Statement for T-7a Recapitalization at Sheppard Air Force Base, Texas",Notice
Defense Department; Air Force Department,89 FR 47926,47927,https://www.federalregister.gov/documents/2024/06/04/2024-12131/notice-of-intent-to-prepare-an-environmental-impact-statement-for-t-7a-recapitalization-at-vance-air,https://www.govinfo.gov/content/pkg/FR-2024-06-04/pdf/2024-12131.pdf,06/04/2024,47926,"Notice of Intent To Prepare an Environmental Impact Statement for T-7A Recapitalization at Vance Air Force Base, Oklahoma",Notice
Defense Department; Office of the Secretary,89 FR 46092,46092,https://www.federalregister.gov/documents/2024/05/28/2024-11627/renewal-of-department-of-defense-federal-advisory-committees-department-of-the-air-force-scientific,https://www.govinfo.gov/content/pkg/FR-2024-05-28/pdf/2024-11627.pdf,05/28/2024,46092,Renewal of Department of Defense Federal Advisory Committees-Department of the Air Force Scientific Advisory Board,Notice
Defense Department; Air Force Department,89 FR 43386,43386,https://www.federalregister.gov/documents/2024/05/17/2024-10883/department-of-the-air-force-scientific-advisory-board-notice-of-federal-advisory-committee-meeting,https://www.govinfo.gov/content/pkg/FR-2024-05-17/pdf/2024-10883.pdf,05/17/2024,43386,Department of the Air Force Scientific Advisory Board; Notice of Federal Advisory Committee Meeting,Notice
Defense Department; Air Force Department,89 FR 39605,39606,https://www.federalregister.gov/documents/2024/05/09/2024-10141/notice-of-intent-to-prepare-an-environmental-impact-statement-for-the-492nd-special-operations-wing,https://www.govinfo.gov/content/pkg/FR-2024-05-09/pdf/2024-10141.pdf,05/09/2024,39605,"Notice of Intent To Prepare an Environmental Impact Statement for the 492nd Special Operations Wing Beddown at Davis-Monthan Air Force Base, Arizona",Notice
National Aeronautics and Space Administration,89 FR 31772,31774,https://www.federalregister.gov/documents/2024/04/25/2024-08815/adoption-of-a-department-of-the-air-force-categorical-exclusion-under-the-national-environmental,https://www.govinfo.gov/content/pkg/FR-2024-04-25/pdf/2024-08815.pdf,04/25/2024,31772,Adoption of a Department of the Air Force Categorical Exclusion Under the National Environmental Policy Act,Notice
Defense Department; Air Force Department,89 FR 29311,29312,https://www.federalregister.gov/documents/2024/04/22/2024-08540/notice-of-intent-to-prepare-an-environmental-impact-statement-for-the-construction-and-operation-of,https://www.govinfo.gov/content/pkg/FR-2024-04-22/pdf/2024-08540.pdf,04/22/2024,29311,"Notice of Intent To Prepare an Environmental Impact Statement for the Construction and Operation of the Air Force Maui Optical and Supercomputing Site Small Telescope Advanced Research Facility on the Island of Maui, Hawaíi",Notice
Defense Department; Air Force Department,89 FR 21501,21502,https://www.federalregister.gov/documents/2024/03/28/2024-06545/air-university-board-of-visitors-meeting,https://www.govinfo.gov/content/pkg/FR-2024-03-28/pdf/2024-06545.pdf,03/28/2024,21501,Air University Board of Visitors Meeting,Notice
Defense Department; Air Force Department,89 FR 21245,21246,https://www.federalregister.gov/documents/2024/03/27/2024-06529/department-of-the-air-force-scientific-advisory-board-notice-of-federal-advisory-committee-meeting,https://www.govinfo.gov/content/pkg/FR-2024-03-27/pdf/2024-06529.pdf,03/27/2024,21245,Department of the Air Force Scientific Advisory Board; Notice of Federal Advisory Committee Meeting,Notice
Defense Department; Air Force Department,88 FR 86884,86885,https://www.federalregister.gov/documents/2023/12/15/2023-27166/notice-of-intent-to-prepare-an-environmental-impact-statement-for-department-of-the-air-force-f-15,https://www.govinfo.gov/content/pkg/FR-2023-12-15/pdf/2023-27166.pdf,12/15/2023,86884,"Notice of Intent To Prepare an Environmental Impact Statement for Department of the Air Force F-15 Beddown and Infrastructure Upgrades at Andersen Air Force Base, Guam",Notice
Labor Department; Occupational Safety and Health Administration,88 FR 34188,34188,https://www.federalregister.gov/documents/2023/05/26/2023-11248/advisory-committee-on-construction-safety-and-health-accsh,https://www.govinfo.gov/content/pkg/FR-2023-05-26/pdf/2023-11248.pdf,05/26/2023,34188,Advisory Committee on Construction Safety and Health (ACCSH),Notice
